mol,point,R,bond_order_aryl,bond_order_alkyl
mol_001_E,scan_1,1.5596,1.0602,1.0194
mol_001_E,scan_2,1.6096,1.0546,1.0168
mol_001_E,scan_3,1.6596,1.0485,1.0136
mol_001_E,scan_4,1.7096,1.0419,1.0098
mol_001_E,scan_5,1.7596,1.0349,1.0054
mol_001_E,scan_6,1.8096,1.0273,1.0005
mol_002_E,nbo,1.5092,1.0882,1.0196
mol_002_E,scan_1,1.5592,1.0833,1.0174
mol_002_E,scan_2,1.6092,1.0779,1.0147
mol_002_E,scan_3,1.6592,1.0719,1.0115
mol_002_E,scan_4,1.7092,1.0659,1.0077
mol_002_E,scan_5,1.7592,1.0599,1.0032
mol_002_E,scan_6,1.8092,1.0533,0.9983
mol_003_E,scan_1,1.5478,1.0658,1.0196
mol_003_E,scan_2,1.5878,1.0616,1.0177
mol_003_E,scan_3,1.6278,1.0572,1.0154
mol_003_E,scan_4,1.6678,1.0524,1.0128
mol_003_E,scan_5,1.7078,1.0474,1.0097
mol_003_E,scan_6,1.7478,1.0421,1.0063
mol_004_E,scan_1,1.557,1.0591,1.0198
mol_004_E,scan_2,1.607,1.0537,1.0172
mol_004_E,scan_3,1.657,1.0478,1.0141
mol_004_E,scan_4,1.707,1.0414,1.0104
mol_004_E,scan_5,1.757,1.0346,1.0061
mol_004_E,scan_6,1.807,1.0279,1.0011
mol_005_E,scan_1,1.5569,1.058,1.0199
mol_005_E,scan_2,1.6069,1.0525,1.0173
mol_005_E,scan_3,1.6569,1.0466,1.0142
mol_005_E,scan_4,1.7069,1.0401,1.0105
mol_005_E,scan_5,1.7569,1.0333,1.0062
mol_005_E,scan_6,1.8069,1.0268,1.0012
mol_006_E,nbo,1.5108,1.0746,1.0203
mol_006_E,scan_1,1.5608,1.0695,1.0182
mol_006_E,scan_2,1.6108,1.0639,1.0156
mol_006_E,scan_3,1.6608,1.0578,1.0124
mol_006_E,scan_4,1.7108,1.0513,1.0086
mol_006_E,scan_5,1.7608,1.0459,1.0039
mol_006_E,scan_6,1.8108,1.0374,0.9992
mol_007_E,scan_1,1.5558,1.0485,1.021
mol_007_E,scan_2,1.6058,1.0429,1.0185
mol_007_E,scan_3,1.6558,1.0368,1.0154
mol_007_E,scan_4,1.7058,1.0301,1.0117
mol_007_E,scan_5,1.7558,1.023,1.0074
mol_007_E,scan_6,1.8058,1.0164,1.0024
mol_008_E,scan_1,1.5477,1.0435,1.0227
mol_008_E,scan_2,1.5977,1.0385,1.0202
mol_008_E,scan_3,1.6477,1.0329,1.0171
mol_008_E,scan_4,1.6977,1.0268,1.0133
mol_008_E,scan_5,1.7477,1.0201,1.009
mol_008_E,scan_6,1.7977,1.0129,1.0041
mol_009_E,scan_1,1.5603,1.0633,1.0189
mol_009_E,scan_2,1.6103,1.0575,1.0163
mol_009_E,scan_3,1.6603,1.0513,1.0131
mol_009_E,scan_4,1.7103,1.0446,1.0092
mol_009_E,scan_5,1.7603,1.0376,1.0048
mol_009_E,scan_6,1.8103,1.0299,0.9998
mol_010_E,scan_1,1.5598,1.0607,1.0196
mol_010_E,scan_2,1.6098,1.0551,1.017
mol_010_E,scan_3,1.6598,1.049,1.0138
mol_010_E,scan_4,1.7098,1.0424,1.01
mol_010_E,scan_5,1.7598,1.0353,1.0057
mol_010_E,scan_6,1.8098,1.0277,1.0008
mol_011_E,scan_1,1.5567,1.0563,1.0202
mol_011_E,scan_2,1.6067,1.0507,1.0177
mol_011_E,scan_3,1.6567,1.0448,1.0146
mol_011_E,scan_4,1.7067,1.0383,1.0109
mol_011_E,scan_5,1.7567,1.0315,1.0066
mol_011_E,scan_6,1.8067,1.0244,1.0016
mol_012_E,scan_1,1.5489,1.0494,1.0217
mol_012_E,scan_2,1.5989,1.0443,1.0192
mol_012_E,scan_3,1.6489,1.0389,1.0162
mol_012_E,scan_4,1.6989,1.0333,1.0124
mol_012_E,scan_5,1.7489,1.0274,1.008
mol_012_E,scan_6,1.7989,1.0206,1.0032
mol_013_E,scan_1,1.5664,1.0695,1.0178
mol_013_E,scan_2,1.6164,1.0637,1.0147
mol_013_E,scan_3,1.6664,1.0574,1.0111
mol_013_E,scan_4,1.7164,1.0505,1.0068
mol_013_E,scan_5,1.7664,1.0438,1.0019
mol_013_E,scan_6,1.8164,1.0362,0.9962
mol_014_Z,nbo,1.5034,1.068,0.9984
mol_014_Z,scan_1,1.5534,1.0679,0.9901
mol_014_Z,scan_2,1.6034,1.0675,0.9807
mol_014_Z,scan_3,1.6534,1.067,0.9703
mol_014_Z,scan_4,1.7034,1.0661,0.9586
mol_014_Z,scan_5,1.7534,1.0651,0.9454
mol_014_Z,scan_6,1.8034,1.0644,0.9294
mol_015_E,scan_1,1.5581,1.0608,1.0195
mol_015_E,scan_2,1.6081,1.0551,1.0169
mol_015_E,scan_3,1.6581,1.0488,1.0137
mol_015_E,scan_4,1.7081,1.042,1.0099
mol_015_E,scan_5,1.7581,1.0349,1.0056
mol_015_E,scan_6,1.8081,1.0273,1.0005
mol_016_E,scan_1,1.5573,1.0556,1.0207
mol_016_E,scan_2,1.6073,1.0499,1.0182
mol_016_E,scan_3,1.6573,1.0438,1.015
mol_016_E,scan_4,1.7073,1.0372,1.0113
mol_016_E,scan_5,1.7573,1.0302,1.007
mol_016_E,scan_6,1.8073,1.0228,1.002
mol_017_E,scan_1,1.5534,1.0543,1.0212
mol_017_E,scan_2,1.6034,1.049,1.0187
mol_017_E,scan_3,1.6534,1.0432,1.0156
mol_017_E,scan_4,1.7034,1.0369,1.0119
mol_017_E,scan_5,1.7534,1.0293,1.0078
mol_017_E,scan_6,1.8034,1.0222,1.003
mol_018_E,scan_1,1.548,1.0487,1.0232
mol_018_E,scan_2,1.598,1.044,1.0208
mol_018_E,scan_3,1.648,1.0388,1.0179
mol_018_E,scan_4,1.698,1.0331,1.0143
mol_018_E,scan_5,1.748,1.0271,1.0102
mol_018_E,scan_6,1.798,1.0205,1.0054
mol_019_E,scan_1,1.5505,1.0403,1.0197
mol_019_E,scan_2,1.6005,1.0344,1.017
mol_019_E,scan_3,1.6505,1.028,1.0138
mol_019_E,scan_4,1.7005,1.0208,1.0099
mol_019_E,scan_5,1.7505,1.0129,1.0058
mol_019_E,scan_6,1.8005,1.0039,1.0011
mol_020_E,nbo,1.5029,1.054,1.0211
mol_020_E,scan_2,1.5729,1.046,1.0181
mol_020_E,scan_5,1.6429,1.0371,1.0138
mol_020_E,scan_8,1.7129,1.0273,1.0084
mol_020_E,scan_10,1.7829,1.0161,1.0022
mol_020_E,scan_11,1.8529,1.0035,0.9952
mol_020_E,scan_12,1.9229,0.9829,0.9887
mol_020_E,scan_1,1.5429,1.0495,1.0196
mol_020_E,scan_3,1.5829,1.0448,1.0175
mol_020_E,scan_4,1.6229,1.0398,1.0151
mol_020_E,scan_6,1.6629,1.0343,1.0124
mol_020_E,scan_7,1.7029,1.0288,1.0092
mol_020_E,scan_9,1.7429,1.0227,1.0058
mol_021_E,nbo,1.5033,1.0658,1.0203
mol_021_E,scan_1,1.5533,1.061,1.0181
mol_021_E,scan_2,1.6033,1.0552,1.0154
mol_021_E,scan_3,1.6533,1.0488,1.0121
mol_021_E,scan_4,1.7033,1.0419,1.0083
mol_021_E,scan_5,1.7533,1.0344,1.0041
mol_021_E,scan_6,1.8033,1.0263,0.9996
mol_022_E,scan_1,1.5497,1.0442,1.0198
mol_022_E,scan_2,1.5997,1.0386,1.0171
mol_022_E,scan_3,1.6497,1.032,1.0136
mol_022_E,scan_4,1.6997,1.0257,1.0101
mol_022_E,scan_5,1.7497,1.0185,1.0057
mol_022_E,scan_6,1.7997,1.0105,1.0011
mol_023_E,scan_1,1.544,1.0254,1.022
mol_023_E,scan_2,1.594,1.0196,1.0194
mol_023_E,scan_3,1.644,1.0131,1.0163
mol_023_E,scan_4,1.694,1.0059,1.0126
mol_023_E,scan_5,1.744,0.9974,1.0083
mol_023_E,scan_6,1.794,0.9888,1.0034
mol_024_E,scan_1,1.5537,1.0393,1.0192
mol_024_E,scan_2,1.6037,1.0334,1.0164
mol_024_E,scan_3,1.6537,1.0269,1.0132
mol_024_E,scan_4,1.7037,1.0198,1.0095
mol_024_E,scan_5,1.7537,1.0119,1.0053
mol_024_E,scan_6,1.8037,1.0037,1.0004
mol_025_E,scan_1,1.5512,1.0363,1.0211
mol_025_E,scan_2,1.6012,1.0302,1.0181
mol_025_E,scan_3,1.6512,1.0234,1.0148
mol_025_E,scan_4,1.7012,1.0159,1.0109
mol_025_E,scan_5,1.7512,1.0076,1.0066
mol_025_E,scan_6,1.8012,0.9975,1.0017
mol_026_E,scan_1,1.5492,1.0374,1.0204
mol_026_E,scan_2,1.5992,1.0291,1.0176
mol_026_E,scan_3,1.6492,1.022,1.0147
mol_026_E,scan_4,1.6992,1.0149,1.011
mol_026_E,scan_5,1.7492,1.007,1.0067
mol_026_E,scan_6,1.7992,0.9977,1.0021
mol_027_E,scan_1,1.5494,1.0304,1.0209
mol_027_E,scan_2,1.5994,1.0238,1.0184
mol_027_E,scan_3,1.6494,1.017,1.0153
mol_027_E,scan_4,1.6994,1.0096,1.0117
mol_027_E,scan_5,1.7494,1.002,1.0076
mol_027_E,scan_6,1.7994,0.9938,1.0028
mol_028_E,scan_1,1.5668,1.0299,1.0164
mol_028_E,scan_2,1.6168,1.0227,1.0134
mol_028_E,scan_3,1.6668,1.0148,1.0099
mol_028_E,scan_4,1.7168,1.0062,1.0058
mol_028_E,scan_5,1.7668,0.9967,1.0012
mol_028_E,scan_6,1.8168,0.9858,0.9963
mol_029_Z,nbo,1.5066,1.0344,0.9977
mol_029_Z,scan_1,1.5566,1.0338,0.9902
mol_029_Z,scan_2,1.6066,1.0327,0.9816
mol_029_Z,scan_3,1.6566,1.028,0.9741
mol_029_Z,scan_4,1.7066,1.027,0.9628
mol_029_Z,scan_5,1.7566,1.0258,0.9503
mol_029_Z,scan_6,1.8066,1.0243,0.9367
mol_030_E,scan_1,1.5564,1.0376,1.0201
mol_030_E,scan_2,1.6064,1.0292,1.0175
mol_030_E,scan_3,1.6564,1.0232,1.0139
mol_030_E,scan_4,1.7064,1.0142,1.0106
mol_030_E,scan_5,1.7564,1.0072,1.0059
mol_030_E,scan_6,1.8064,0.998,1.0013
mol_031_E,scan_1,1.5511,1.0335,1.0206
mol_031_E,scan_2,1.6011,1.0281,1.0179
mol_031_E,scan_3,1.6511,1.022,1.0148
mol_031_E,scan_4,1.7011,1.0154,1.0111
mol_031_E,scan_5,1.7511,1.0082,1.0069
mol_031_E,scan_6,1.8011,1.0001,1.0021
mol_032_E,scan_1,1.5482,1.0391,1.0205
mol_032_E,scan_2,1.5982,1.032,1.0179
mol_032_E,scan_3,1.6482,1.0256,1.0147
mol_032_E,scan_4,1.6982,1.0186,1.0109
mol_032_E,scan_5,1.7482,1.0114,1.0066
mol_032_E,scan_6,1.7982,1.0033,1.0018
mol_033_E,scan_1,1.5487,1.0394,1.0203
mol_033_E,scan_2,1.5987,1.0335,1.0177
mol_033_E,scan_3,1.6487,1.0269,1.0146
mol_033_E,scan_4,1.6987,1.0202,1.0108
mol_033_E,scan_5,1.7487,1.013,1.0064
mol_033_E,scan_6,1.7987,1.0049,1.0017
mol_034_E,scan_2,1.579,1.0366,1.0182
mol_034_E,scan_5,1.649,1.027,1.0139
mol_034_E,scan_8,1.719,1.0159,1.0087
mol_034_E,scan_10,1.789,1.0032,1.0028
mol_034_E,scan_11,1.859,0.9886,0.996
mol_034_E,scan_12,1.929,0.971,0.9892
mol_034_E,scan_1,1.549,1.0405,1.0197
mol_034_E,scan_3,1.589,1.0353,1.0176
mol_034_E,scan_4,1.629,1.0298,1.0152
mol_034_E,scan_6,1.669,1.024,1.0125
mol_034_E,scan_7,1.709,1.0176,1.0095
mol_034_E,scan_9,1.749,1.0111,1.0061
